mse,rmse,ndcg@10,precision@10,recall@10,f1@10,embedding_dim,learning_rate,batch_size,dropout_rate,num_epochs
1.2899974639599139,1.1157866,0.9718435191079676,0.8596708159755292,0.9344245399089158,0.8849535203780803,6,0.001,512,0.3,40
