mse,rmse,ndcg@10,precision@10,recall@10,f1@10,embedding_dim,learning_rate,batch_size,dropout_rate,num_epochs
0.8928293709401731,0.94475996,0.9963641722515263,0.8673749758242733,0.87688927358679,0.8705876769228104,6,0.001,128,0.0,20
