mse,rmse,ndcg@10,precision@10,recall@10,f1@10,embedding_dim,learning_rate,batch_size,dropout_rate,num_epochs
1.8599975796846242,1.1922495,0.9716145157495414,0.8596708159755292,0.9344245399089158,0.8849535203780803,6,0.001,128,0.0,20
