mse,rmse,ndcg@10,precision@10,recall@10,f1@10
1.266876806546976,0.5508838,0.8465634305743207,0.595340520030897,0.9450822517939463,0.7139547879411394
