mse,rmse,ndcg@10,precision@10,recall@10,f1@10
1.377921398545875,0.5661805,0.7887286953655032,0.5772446362100936,0.8688295177663342,0.6745881381080538
