mse,rmse,ndcg@10,precision@10,recall@10,f1@10,embedding_dim,learning_rate,batch_size,dropout_rate,num_epochs
0.9093011485205756,0.95353365,0.9964539313947918,0.09944070843598109,0.87688927358679,0.8705876769228104,5,0.001,128,0.0,20
